INSERT INTO electron_ecommerce.categories (electron_ecommerce.categories.id, electron_ecommerce.categories.name)
VALUES (1, 'memory'),
       (2, 'graphic card'),
       (3, 'monitor'),
       (4, 'keyboard');

INSERT INTO electron_ecommerce.variation (electron_ecommerce.variation.id,
                                          electron_ecommerce.variation.category_id,
                                          electron_ecommerce.variation.name)
VALUES (1, 1, 'Brand'),
       (2, 1, 'Module type'),
       (3, 1, 'Memory capacity'),
       (4, 1, 'Heatsink'),

       (5, 2, 'Brand'),
       (6, 2, 'Memory'),
       (7, 2, 'Reference Card Brand'),
       (8, 2, 'Features'),
       (9, 2, 'Number of fans'),

       (10, 3, 'Brand'),
       (11, 3, 'Screen size'),
       (12, 3, 'Refresh rate'),
       (13, 3, 'Response time'),
       (14, 3, 'Panel type'),

       (15, 4, 'Brand'),
       (16, 4, 'Connectivity'),
       (17, 4, 'Mechanical switch type'),

       (18, 3, 'Type');


INSERT INTO electron_ecommerce.variation_option (electron_ecommerce.variation_option.id,
                                                 electron_ecommerce.variation_option.variation_id,
                                                 electron_ecommerce.variation_option.value)
VALUES (1, 1, 'Crucial'),
       (2, 1, 'Corsair'),
       (3, 2, 'DDR4'),
       (4, 2, 'DDR5'),
       (5, 3, '16GB'),
       (6, 3, '32GB'),
       (7, 3, '8GB'),
       (8, 4, 'Without heatsink'),
       (9, 4, 'With heatsink'),


       (10, 5, 'Gigabyte'),
       (11, 5, 'Asus'),
       (12, 5, 'MSI'),
       (13, 5, 'Palit'),
       (14, 6, '16GB'),
       (15, 6, '12GB'),
       (16, 6, '8GB'),
       (17, 7, 'NVIDIA'),
       (18, 7, 'AMD'),
       (19, 8, 'Ray tracing'),
       (20, 9, '3 fans'),
       (21, 9, '2 fans'),


       (22, 10, 'BENQ'),
       (23, 10, 'LG'),
       (24, 10, 'SAMSUNG'),
       (25, 10, 'ACER'),
       (26, 11, '32"'),
       (27, 11, '27"'),
       (28, 11, '34"'),
       (29, 11, '15.6"'),
       (30, 12, '165hz'),
       (31, 12, '75hz'),
       (32, 12, '144hz'),
       (33, 12, '60hz'),
       (34, 13, 'Fast(4ms and less)'),
       (35, 13, 'Standard(5ms and more)'),
       (36, 14, 'IPS'),
       (37, 14, 'VA'),

       (38, 15, 'LOGITECH'),
       (39, 15, 'CORSAIR'),
       (40, 15, 'RAZER'),
       (41, 16, 'Bluetooth'),
       (42, 16, 'USB wierd'),
       (43, 17, 'Clicky'),
       (44, 17, 'Linear'),
       (45, 17, 'Membrane'),
       (46, 17, 'Tactile'),

       (47, 18, '4k'),
       (48, 18, '1080p'),
       (49, 18, 'Ultra wide'),
       (50, 10, 'Asus');



INSERT INTO electron_ecommerce.products_details (products_details.id,
                                                 electron_ecommerce.products_details.product_information,
                                                 electron_ecommerce.products_details.sku,
                                                 electron_ecommerce.products_details.visits)
VALUES (1,
        'Give your laptop a boost with 16 GB of DDR4 RAM – with speeds up to 3200 MHz you''ll be able to multitask and game without a hiccup',
        'CD432161', 11),
       (2,
        'Give your PC a boost with 16 GB of RAM – with speeds up to 3200 MHz you''ll be able to multitask and game without a hiccup',
        'CD432162', 8),
       (3,
        'Give your PC a boost with 16 GB of DDR4 RAM – with speeds up to 3200 MHz you''ll be able to multitask and game without a hiccup',
        'Cd43216', 9),
       (4,
        'Power up your gaming PC with this Corsair DDR5 RAM - it speeds up to 5600 MHz, pushing your PC to new hights of performance',
        'CVRD556A164', 124),
       (5,
        'Power up your gaming PC with this Corsair DDR5 RAM - it speeds up to 5200 MHz, pushing your PC to new hights of performance',
        'CVD552165', 243),
       (6,
        'Get ready for the upcoming generation of gaming - this DDR5 memory speeds up to 5200 MHz, pushing new heights of performance',
        'CDPD552326', 212),
       (7,
        'Give your PC a boost with 8 GB of DDR5 RAM – with speeds up to 4800 MHz you''ll be able to multitask and game without a hiccup',
        'CD548R87', 99),
       (8,
        'Give your laptop a boost with 8 GB of DDR5 RAM – with speeds up to 4800 MHz you''ll be able to multitask and game without a hiccup',
        'CD548LR88', 112);



INSERT INTO electron_ecommerce.products_images (electron_ecommerce.products_images.product_details_id,
                                                electron_ecommerce.products_images.image_url)
VALUES (1, 'https://media.currys.biz/i/currysprod/10260142?$l-large$&fmt=auto'),
       (2, 'https://media.currys.biz/i/currysprod/10260196?$l-large$&fmt=auto'),
       (3, 'https://media.currys.biz/i/currysprod/10260198?$l-large$&fmt=auto'),
       (4, 'https://media.currys.biz/i/currysprod/10248090?$l-large$&fmt=auto'),
       (4, 'https://media.currys.biz/i/currysprod/10248090_001?$l-large$&fmt=auto'),
       (4, 'https://media.currys.biz/i/currysprod/10248090_002?$l-large$&fmt=auto'),
       (5, 'https://media.currys.biz/i/currysprod/10248088?$l-large$&fmt=auto'),
       (5, 'https://media.currys.biz/i/currysprod/10248088_001?$l-large$&fmt=auto'),
       (5, 'https://media.currys.biz/i/currysprod/10248088_002?$l-large$&fmt=auto'),
       (5, 'https://media.currys.biz/i/currysprod/10248088_003?$l-large$&fmt=auto'),
       (6, 'https://media.currys.biz/i/currysprod/10234856?$l-large$&fmt=auto'),
       (6, 'https://media.currys.biz/i/currysprod/10234856_001?$l-large$&fmt=auto'),
       (6, 'https://media.currys.biz/i/currysprod/10234856_002?$l-large$&fmt=auto'),
       (6, 'https://media.currys.biz/i/currysprod/10234856_003?$l-large$&fmt=auto'),
       (7, 'https://media.currys.biz/i/currysprod/10260124?$l-large$&fmt=auto'),
       (8, 'https://media.currys.biz/i/currysprod/10260202?$l-large$&fmt=auto');



INSERT INTO electron_ecommerce.product_item (electron_ecommerce.product_item.id,
                                             electron_ecommerce.product_item.current_rate,
                                             electron_ecommerce.product_item.price,
                                             electron_ecommerce.product_item.category_id,
                                             electron_ecommerce.product_item.product_details_id,
                                             electron_ecommerce.product_item.description,
                                             electron_ecommerce.product_item.img_url,
                                             electron_ecommerce.product_item.name,
                                             electron_ecommerce.product_item.stock_quantity)
VALUES (1, 4.2, 32.99, 1, 1,
        'Give your laptop a boost with 16 GB of DDR4 RAM – with speeds up to 3200 MHz you''ll be able to multitask and game without a hiccup',
        'https://media.currys.biz/i/currysprod/10260142?$g-small$&fmt=auto',
        'CRUCIAL DDR4 3200 MHz Laptop RAM - 16 GB', 1000),
       (2, 4.6, 32.99, 1, 2,
        'Give your PC a boost with 16 GB of RAM – with speeds up to 3200 MHz you''ll be able to multitask and game without a hiccup',
        'https://media.currys.biz/i/currysprod/10260196?$g-small$&fmt=auto', 'CRUCIAL DDR4 3200 MHz PC RAM - 16 GB',
        1000),
       (3, 4.1, 35.99, 1, 3,
        'Give your PC a boost with 16 GB of DDR4 RAM – with speeds up to 3200 MHz you''ll be able to multitask and game without a hiccup',
        'https://media.currys.biz/i/currysprod/10260198?$g-small$&fmt=auto', 'CRUCIAL DDR4 3200 MHz PC RAM - 8 GB x 2',
        1000),
       (4, 4.8, 109.00, 1, 4,
        'Power up your gaming PC with this Corsair DDR5 RAM - it speeds up to 5600 MHz, pushing your PC to new hights of performance',
        'https://media.currys.biz/i/currysprod/10248090?$g-small$&fmt=auto',
        'CORSAIR Vengeance RGB DDR5 5600 MHz AMD EXPO PC RAM - 16 GB x 2', 1000),
       (5, 4.9, 89.00, 1, 5,
        'Power up your gaming PC with this Corsair DDR5 RAM - it speeds up to 5600 MHz, pushing your PC to new hights of performance',
        'https://media.currys.biz/i/currysprod/10248088?$g-small$&fmt=auto',
        'CORSAIR Vengeance DDR5 5200 MHz PC RAM - 16 GB x 2', 1000),
       (6, 4.6, 124.99, 1, 6,
        'Get ready for the upcoming generation of gaming - this DDR5 memory speeds up to 5200 MHz, pushing new heights of performance',
        'https://media.currys.biz/i/currysprod/10234856?$g-small$&fmt=auto',
        'CORSAIR Dominator Platinum RGB DDR5 5200 MHz PC RAM - 2 x 16 GB', 1000),
       (7, 4.8, '21.99', 1, 7,
        'Give your PC a boost with 8 GB of DDR5 RAM – with speeds up to 4800 MHz you''ll be able to multitask and game without a hiccup',
        'https://media.currys.biz/i/currysprod/10260124?$g-small$&fmt=auto', 'CRUCIAL DDR5 4800 MHz PC RAM - 8 GB',
        1000),
       (8, 4.6, 22.99, 1, 8,
        'Give your laptop a boost with 8 GB of DDR5 RAM – with speeds up to 4800 MHz you''ll be able to multitask and game without a hiccup',
        'https://media.currys.biz/i/currysprod/10260202?$g-small$&fmt=auto', 'CRUCIAL DDR5 4800 MHz Laptop RAM - 8 GB',
        1000);

INSERT INTO electron_ecommerce.product_configuration (electron_ecommerce.product_configuration.product_item_id,
                                                      electron_ecommerce.product_configuration.variation_option_id)
VALUES (1, 1),
       (1, 3),
       (1, 5),
       (1, 8),

       (2, 1),
       (2, 3),
       (2, 5),
       (2, 8),

       (3, 1),
       (3, 3),
       (3, 5),
       (3, 8),

       (4, 2),
       (4, 4),
       (4, 6),
       (4, 9),

       (5, 2),
       (5, 4),
       (5, 6),
       (5, 9),


       (6, 2),
       (6, 4),
       (6, 6),
       (6, 9),

       (7, 2),
       (7, 4),
       (7, 1),
       (7, 9),

       (8, 2),
       (8, 4),
       (8, 1),
       (8, 9);



INSERT INTO electron_ecommerce.products_details (products_details.id,
                                                 electron_ecommerce.products_details.product_information,
                                                 electron_ecommerce.products_details.sku,
                                                 electron_ecommerce.products_details.visits)
VALUES (9,
        'he new king of 1440p gaming is here. The RTX 4070 Ti SUPER is built on the Ada Lovelace architecture and it packs more power than the 3070 Ti',
        'GGFRX4070TS168', 11),
       (10, 'There are dedicated cores just for Ray Tracing, making sure your graphics are super realistic.',
        'GGFRX47TS1611', 310),
       (11,
        'Got to get some work done? You''ll breeze through demanding 3D renders faster than ever before, with NVIDIA Studio for fine-tuning.',
        'GARX47TS1611', 250),
       (12,
        'There''s enough power to stream pretty much anything in high resolution and framerates. And the AI helps by enhancing your voice and video to professional levels.',
        'GGFRX47TS1612', 11),
       (13, 'Powered by Ada Lovelace architecture, the RTX 4060 Ti is so much faster than its predecessor',
        'AGFR46T8D13', 124),
       (14, 'Third-Gen RT cores give ray tracing a massive boost, so every scene will look incredibly life-like',
        'AGFR468D14', 110),
       (15,
        'AMD FidelityFX Super Resolution upscales games to help you strike the perfect balance between gorgeous visuals and smooth action',
        'PRX77X12FG15', 176),
       (16,
        'The RX 7700 XT OC turns your PC into a gaming powerhouse. Its AMD RDNA 3 Architecture can pump out frames like nobody''s business',
        'GRX77X12G16', 198),
       (17, 'With a fresh take on the Ada Lovelace architecture, the SUPER is faster than the regular variety.',
        'PGR40712D17', 23);



INSERT INTO electron_ecommerce.products_images (electron_ecommerce.products_images.product_details_id,
                                                electron_ecommerce.products_images.image_url)
VALUES (9, 'https://media.currys.biz/i/currysprod/10260360_001?$l-large$&fmt=auto'),
       (9, 'https://media.currys.biz/i/currysprod/10260360_001?$l-large$&fmt=auto'),
       (10, 'https://media.currys.biz/i/currysprod/10260357?$l-large$&fmt=auto'),
       (10, 'https://media.currys.biz/i/currysprod/10260357_001?$l-large$&fmt=auto'),
       (10, 'https://media.currys.biz/i/currysprod/10260357_002?$l-large$&fmt=auto'),
       (10, 'https://media.currys.biz/i/currysprod/10260357_003?$l-large$&fmt=auto'),
       (10, 'https://media.currys.biz/i/currysprod/10260357_004?$l-large$&fmt=auto'),
       (11, 'https://media.currys.biz/i/currysprod/10260356?$l-large$&fmt=auto'),
       (11, 'https://media.currys.biz/i/currysprod/10260356_001?$l-large$&fmt=auto'),
       (11, 'https://media.currys.biz/i/currysprod/10260356_002?$l-large$&fmt=auto'),
       (11, 'https://media.currys.biz/i/currysprod/10260356_003?$l-large$&fmt=auto'),
       (11, 'https://media.currys.biz/i/currysprod/10260356_004?$l-large$&fmt=auto'),
       (12, 'https://media.currys.biz/i/currysprod/10260356_004?$l-large$&fmt=auto'),
       (12, 'https://media.currys.biz/i/currysprod/10260359_001?$l-large$&fmt=auto'),
       (13, 'https://media.currys.biz/i/currysprod/10259258?$l-large$&fmt=auto'),
       (13, 'https://media.currys.biz/i/currysprod/10259258_001?$l-large$&fmt=auto'),
       (13, 'https://media.currys.biz/i/currysprod/10259258_002?$l-large$&fmt=auto'),
       (14, 'https://media.currys.biz/i/currysprod/10259304?$l-large$&fmt=auto'),
       (14, 'https://media.currys.biz/i/currysprod/10259304_001?$l-large$&fmt=auto'),
       (14, 'https://media.currys.biz/i/currysprod/10259304_002?$l-large$&fmt=auto'),
       (14, 'https://media.currys.biz/i/currysprod/10259304_003?$l-large$&fmt=auto'),
       (15, 'https://media.currys.biz/i/currysprod/10258296_001?$l-large$&fmt=auto'),
       (15, 'https://media.currys.biz/i/currysprod/10258296_001?$l-large$&fmt=auto'),
       (16, 'https://media.currys.biz/i/currysprod/10257562_001?$l-large$&fmt=auto'),
       (16, 'https://media.currys.biz/i/currysprod/10257562_001?$l-large$&fmt=auto'),
       (17, 'https://media.currys.biz/i/currysprod/10260834_001?$l-large$&fmt=auto');



INSERT INTO electron_ecommerce.product_item (electron_ecommerce.product_item.id,
                                             electron_ecommerce.product_item.current_rate,
                                             electron_ecommerce.product_item.price,
                                             electron_ecommerce.product_item.category_id,
                                             electron_ecommerce.product_item.product_details_id,
                                             electron_ecommerce.product_item.description,
                                             electron_ecommerce.product_item.img_url,
                                             electron_ecommerce.product_item.name,
                                             electron_ecommerce.product_item.stock_quantity)
VALUES (9, 4.8, 799.00, 2, 9,
        'The new king of 1440p gaming is here. The RTX 4070 Ti SUPER is built on the Ada Lovelace architecture and it packs more power than the 3070 Ti',
        'https://media.currys.biz/i/currysprod/10260360?$g-small$&fmt=auto',
        'GIGABYTE GeForce RTX 4070 Ti SUPER 16 GB WINDFORCE OC Graphics Card',
        100),
       (10, 5, 849.00, 2, 10,
        'Got to get some work done? You''ll breeze through demanding 3D renders faster than ever before',
        'https://media.currys.biz/i/currysprod/10260357?$g-small$&fmt=auto',
        'GIGABYTE GeForce RTX 4070 Ti SUPER 16 GB AERO OC Graphics Card',
        100),
       (11, 4.5, 879.00, 2,
        11, 'The DLSS 3 means next generation AI enhancing the performance to new heights.',
        'https://media.currys.biz/i/currysprod/10260356?$g-small$&fmt=auto',
        'GIGABYTE AORUS GeForce RTX 4070 Ti SUPER 16 GB MASTER Graphics Card',
        100),
       (12, 4.3, 879.00, 2,
        12,
        'The WINDFORCE cooling system has an air passthrough screen, three fans and a whole lot of heatsinks to keep temperature in check',
        'https://media.currys.biz/i/currysprod/10260359?$g-small$&fmt=auto',
        'GIGABYTE GeForce RTX 4070 Ti SUPER 16 GB EAGLE OC Graphics Card',
        100),
       (13, 4.6, 409.00, 2, 13,
        'ASUS GPU Tweak III software lets you easily adjust parameters such as fan control, core clocks, memory frequency, and voltage settings',
        'https://media.currys.biz/i/currysprod/10259258?$g-small$&fmt=auto',
        'ASUS GeForce RTX 4060 Ti 8 GB Dual OC Graphics Card', 1000),
       (14, 4.6, 309.00, 2, 14,
        'Its high boost clock saves the day during those extreme gaming sessions',
        'https://media.currys.biz/i/currysprod/10259304?$g-small$&fmt=auto',
        'ASUS GeForce RTX 4060 8 GB Dual OC Graphics Card', 1000),
       (15, 4.8, 449.00, 2, 15, 'The intelligent fan controller',
        'https://media.currys.biz/i/currysprod/10258296?$g-small$&fmt=auto',
        'POWERCOLOUR Radeon RX 7700 XT 12 GB Fighter OC Graphics Card', 1000),
       (16, 4.9, 439.00, 2, 16, 'The RX 7700 XT OC turns your PC into a gaming powerhouse.',
        'https://media.currys.biz/i/currysprod/10257562?$g-small$&fmt=auto',
        'GIGABYTE Radeon RX 7700 XT 12 GB GAMING OC Graphics Card', 400),
       (17, 4.3, 639.00, 2, 17,
        'With a fresh take on the Ada Lovelace architecture, the SUPER is faster than the regular variety.',
        'https://media.currys.biz/i/currysprod/10260834?$g-small$&fmt=auto',
        'PALIT GeForce RTX 4070 SUPER 12 GB Dual OC Graphics Card', 1000);


INSERT INTO electron_ecommerce.product_configuration (electron_ecommerce.product_configuration.product_item_id,
                                                      electron_ecommerce.product_configuration.variation_option_id)
VALUES (9, 10),
       (9, 14),
       (9, 17),
       (9, 20),
       (9, 19),

       (10, 10),
       (10, 14),
       (10, 17),
       (10, 20),
       (10, 19),

       (11, 10),
       (11, 14),
       (11, 17),
       (11, 20),
       (11, 19),

       (12, 10),
       (12, 14),
       (12, 17),
       (12, 20),
       (12, 19),

       (13, 11),
       (13, 16),
       (13, 17),
       (13, 19),
       (13, 21),

       (14, 11),
       (14, 16),
       (14, 17),
       (14, 19),
       (14, 21),

       (15, 10),
       (15, 15),
       (15, 18),
       (15, 20),

       (16, 10),
       (16, 15),
       (16, 18),
       (16, 20),

       (17, 13),
       (17, 15),
       (17, 17),
       (17, 21),
       (17, 19);

INSERT INTO electron_ecommerce.products_details (products_details.id,
                                                 electron_ecommerce.products_details.product_information,
                                                 electron_ecommerce.products_details.sku,
                                                 electron_ecommerce.products_details.visits)
VALUES (18, 'The LIGHTSPEED wireless is so responsive you won''t even notice you''re not plugged in with a wire',
        'k111111', 153),
       (19, 'The LIGHTSPEED wireless is so responsive you won''t even notice you''re not plugged in with a wire',
        'K2222222', 452),
       (20, 'The LIGHTSPEED wireless is so responsive you won''t even notice you''re not plugged in with a wire',
        'k987987978', 143),
       (21,
        'Razer Purple switches feel lighter than traditional mechanical switches but still deliver that satisfying clicky keystroke sound',
        'K123ca1', 142),
       (22, 'Its multi-function digital dial and 4 media keys put control at your fingertips', 'KR12343221', 111),
       (23, 'Every single key is programmable, so tricky spells are merely a shortcut away', 'Ck70CR21', 124),
       (24, 'Cherry MX Red mechanical keyswitches deliver an immersive gaming experience', 'CK63R24', 132),
       (25, 'The membrane switches on this K55 CORE keyboard are smooth, responsive and silent', 'KCM212125', 66),
       (26, 'The membrane switches on this K55 CORE keyboard are smooth, responsive and silent', 'KCM212126', 77);


INSERT INTO electron_ecommerce.products_images (electron_ecommerce.products_images.product_details_id,
                                                electron_ecommerce.products_images.image_url)
VALUES (18, 'https://media.currys.biz/i/currysprod/10242033?$l-large$&fmt=auto'),
       (18, 'https://media.currys.biz/i/currysprod/10242033_001?$l-large$&fmt=auto'),
       (18, 'https://media.currys.biz/i/currysprod/10242033_005?$l-large$&fmt=auto'),
       (18, 'https://media.currys.biz/i/currysprod/10242033_007?$l-large$&fmt=auto'),
       (19, 'https://media.currys.biz/i/currysprod/M10254616_black?$l-large$&fmt=auto'),
       (19, 'https://media.currys.biz/i/currysprod/M10254616_black_001?$l-large$&fmt=auto'),
       (19, 'https://media.currys.biz/i/currysprod/M10254616_black_002?$l-large$&fmt=auto'),
       (19, 'https://media.currys.biz/i/currysprod/M10254616_black_004?$l-large$&fmt=auto'),
       (20, 'https://media.currys.biz/i/currysprod/M10254616_white?$l-large$&fmt=auto'),
       (20, 'https://media.currys.biz/i/currysprod/M10254616_white_001?$l-large$&fmt=auto'),
       (20, 'https://media.currys.biz/i/currysprod/M10254616_white_003?$l-large$&fmt=auto'),
       (20, 'https://media.currys.biz/i/currysprod/M10254616_white_004?$l-large$&fmt=auto'),
       (21, 'https://media.currys.biz/i/currysprod/10232246_001?$l-large$&fmt=auto'),
       (21, 'https://media.currys.biz/i/currysprod/10232246_002?$l-large$&fmt=auto'),
       (21, 'https://media.currys.biz/i/currysprod/10232246_003?$l-large$&fmt=auto'),
       (21, 'https://media.currys.biz/i/currysprod/10232246_004?$l-large$&fmt=auto'),
       (22, 'https://media.currys.biz/i/currysprod/10252844_001?$l-large$&fmt=auto'),
       (22, 'https://media.currys.biz/i/currysprod/10252844_004?$l-large$&fmt=auto'),
       (22, 'https://media.currys.biz/i/currysprod/10252844_005?$l-large$&fmt=auto'),
       (22, 'https://media.currys.biz/i/currysprod/10252844_006?$l-large$&fmt=auto'),
       (23, 'https://media.currys.biz/i/currysprod/10257421_001?$l-large$&fmt=auto'),
       (23, 'https://media.currys.biz/i/currysprod/10257421_003?$l-large$&fmt=auto'),
       (23, 'https://media.currys.biz/i/currysprod/10257421_004?$l-large$&fmt=auto'),
       (23, 'https://media.currys.biz/i/currysprod/10257421_007?$l-large$&fmt=auto'),
       (24, 'https://media.currys.biz/i/currysprod/10168203_001?$l-large$&fmt=auto'),
       (24, 'https://media.currys.biz/i/currysprod/10168203_002?$l-large$&fmt=auto'),
       (24, 'https://media.currys.biz/i/currysprod/10168203_003?$l-large$&fmt=auto'),
       (24, 'https://media.currys.biz/i/currysprod/10168203_004?$l-large$&fmt=auto'),
       (25, 'https://media.currys.biz/i/currysprod/10259219_001?$l-large$&fmt=auto'),
       (25, 'https://media.currys.biz/i/currysprod/10259219_002?$l-large$&fmt=auto'),
       (25, 'https://media.currys.biz/i/currysprod/10259219_006?$l-large$&fmt=auto'),
       (25, 'https://media.currys.biz/i/currysprod/10259219_008?$l-large$&fmt=auto'),
       (26, 'https://media.currys.biz/i/currysprod/10221938?$l-large$&fmt=auto'),
       (26, 'https://media.currys.biz/i/currysprod/10221938_001?$l-large$&fmt=auto'),
       (26, 'https://media.currys.biz/i/currysprod/10221938_002?$l-large$&fmt=auto');



INSERT INTO electron_ecommerce.product_item (electron_ecommerce.product_item.id,
                                             electron_ecommerce.product_item.current_rate,
                                             electron_ecommerce.product_item.price,
                                             electron_ecommerce.product_item.category_id,
                                             electron_ecommerce.product_item.product_details_id,
                                             electron_ecommerce.product_item.description,
                                             electron_ecommerce.product_item.img_url,
                                             electron_ecommerce.product_item.name,
                                             electron_ecommerce.product_item.stock_quantity)
VALUES (18, 4.2, 179.00, 4, 18,
        'The LIGHTSPEED wireless is so responsive you won''t even notice you''re not plugged in with a wire',
        'https://media.currys.biz/i/currysprod/10242033?$g-small$&fmt=auto',
        'LOGITECH G715 Wireless Mechanical Gaming Keyboard - White', 1000),
       (19, 5, 199.00, 4, 19,
        'The G PRO X was designed in collaboration with Esports pros, to help you show off your gaming skills. ',
        'https://media.currys.biz/i/currysprod/M10254616_black?$g-small$&fmt=auto',
        'LOGITECH G Pro X TKL LIGHTSPEED Wireless Gaming Keyboard - Black', 1000),
       (20, 4.9, 199.00, 4, 20,
        'The LIGHTSPEED wireless is so responsive you won''t even notice you''re not plugged in with a wire',
        'https://media.currys.biz/i/currysprod/M10254616_white?$g-small$&fmt=auto',
        'LOGITECH G Pro X TKL LIGHTSPEED Wireless Gaming Keyboard - White', 1000),
       (21, 4.7, 159.00, 4,
        21,
        'Razer Purple switches feel lighter than traditional mechanical switches but still deliver that satisfying clicky keystroke sound',
        'https://media.currys.biz/i/currysprod/10232246?$g-small$&fmt=auto',
        'RAZER Huntsman V2 Mechanical Gaming Keyboard - Purple Switches', 1000),
       (22, 4.7, 149.00, 4, 22,
        'Its multi-function digital dial and 4 media keys put control at your fingertips',
        'https://media.currys.biz/i/currysprod/10252844?$g-small$&fmt=auto',
        'RAZER Huntsman V2 RGB Mechanical Gaming Keyboard - Clicky Purple Switches', 1000),
       (23, 4.9, 74.99, 4, 23,
        'Every single key is programmable, so tricky spells are merely a shortcut away',
        'https://media.currys.biz/i/currysprod/10257421?$g-small$&fmt=auto',
        'CORSAIR K70 CORE RGB Mechanical Gaming Keyboard - Black', 1000),
       (24, 4.6, 84.99, 4, 24, 'Cherry MX Red mechanical keyswitches deliver an immersive gaming experience',
        'https://media.currys.biz/i/currysprod/10168203?$g-small$&fmt=auto',
        'CORSAIR K63 Compact Mechanical Gaming Keyboard', 1000),
       (25, 4.9, 59.99, 4, 25, 'The membrane switches on this K55 CORE keyboard are smooth, responsive and silent',
        'https://media.currys.biz/i/currysprod/10259219?$g-small$&fmt=auto',
        'CORSAIR K55 CORE RGB Gaming Keyboard - Black', 1000),
       (26, 4.4, 59.99, 4, 26, 'The membrane switches on this K55 CORE keyboard are smooth, responsive and silent',
        'https://media.currys.biz/i/currysprod/10221938?$g-small$&fmt=auto', 'CORSAIR K55 RGB PRO Gaming Keyboard',
        1000);

INSERT INTO electron_ecommerce.product_configuration (electron_ecommerce.product_configuration.product_item_id,
                                                      electron_ecommerce.product_configuration.variation_option_id)
VALUES (18, 38),
       (18, 41),
       (18, 46),

       (19, 38),
       (19, 41),
       (19, 46),

       (20, 38),
       (20, 41),
       (20, 46),

       (21, 40),
       (21, 42),
       (21, 43),

       (22, 40),
       (22, 42),
       (22, 43),

       (23, 39),
       (23, 44),

       (24, 39),
       (24, 44),

       (25, 39),
       (25, 45),

       (26, 39),
       (26, 45);


INSERT INTO electron_ecommerce.products_details (products_details.id,
                                                 electron_ecommerce.products_details.product_information,
                                                 electron_ecommerce.products_details.sku,
                                                 electron_ecommerce.products_details.visits)
VALUES (27,
        'The wide P3 colour gamut gives amazing colours - your films and series will look like in cinema. All you need to do is prepare the popcorn.',
        'M87786AS', 90),
       (28,
        'The 4K resolution on top of being HDR compatible means that you''ll be able to see nearly every shade under the sun. ',
        'MAS1245S', 112),
       (29,
        'This Full HD IPS display gives you a lot of detail with amazing colours and wide viewing angles - great for both spreadsheets and Netflix shows.',
        'MS109QWC', 200),
       (30,
        'With 32" and Full HD resolution, this monitor is large and sharp enough for spreadsheets, movies and games',
        'M32ASAA', 100),
       (31,
        'Perfect for both work and gaming, this Acer monitor is a proper all-rounder. The 34” display means you''ve got a huge screen estate which''ll comfortably fit multiple windows.',
        'MUW132313', 1000),
       (32,
        'Stay productive and entertained on the road. This ASUS portable monitor''s got a 144 Hz refresh rate and AMD FreeSync Premium',
        'M345655', 312);



INSERT INTO electron_ecommerce.products_images (electron_ecommerce.products_images.product_details_id,
                                                electron_ecommerce.products_images.image_url)
VALUES (27, 'https://media.currys.biz/i/currysprod/10242129_002?$l-large$&fmt=auto'),
       (27, 'https://media.currys.biz/i/currysprod/10242129_001?$l-large$&fmt=auto'),
       (27, 'https://media.currys.biz/i/currysprod/10242129_004?$l-large$&fmt=auto'),
       (27, 'https://media.currys.biz/i/currysprod/10242129_005?$l-large$&fmt=auto'),
       (28, 'https://media.currys.biz/i/currysprod/10242127_002?$l-large$&fmt=auto'),
       (28, 'https://media.currys.biz/i/currysprod/10242127_001?$l-large$&fmt=auto'),
       (28, 'https://media.currys.biz/i/currysprod/10242127_003?$l-large$&fmt=auto'),
       (28, 'https://media.currys.biz/i/currysprod/10242127_004?$l-large$&fmt=auto'),
       (28, 'https://media.currys.biz/i/currysprod/10242127_005?$l-large$&fmt=auto'),
       (29, 'https://media.currys.biz/i/currysprod/10224985_002?$l-large$&fmt=auto'),
       (29, 'https://media.currys.biz/i/currysprod/10224985_001?$l-large$&fmt=auto'),
       (29, 'https://media.currys.biz/i/currysprod/10224985_004?$l-large$&fmt=auto'),
       (29, 'https://media.currys.biz/i/currysprod/10224985_009?$l-large$&fmt=auto'),
       (30, 'https://media.currys.biz/i/currysprod/10248098_001?$l-large$&fmt=auto'),
       (31, 'https://media.currys.biz/i/currysprod/10251643_001?$l-large$&fmt=auto'),
       (31, 'https://media.currys.biz/i/currysprod/10251643_003?$l-large$&fmt=auto'),
       (31, 'https://media.currys.biz/i/currysprod/10251643_004?$l-large$&fmt=auto'),
       (31, 'https://media.currys.biz/i/currysprod/10251643_005?$l-large$&fmt=auto'),
       (32, 'https://media.currys.biz/i/currysprod/10253695_005?$l-large$&fmt=auto'),
       (32, 'https://media.currys.biz/i/currysprod/10253695_006?$l-large$&fmt=auto'),
       (32, 'https://media.currys.biz/i/currysprod/10253695_001?$l-large$&fmt=auto');

INSERT INTO electron_ecommerce.product_item (electron_ecommerce.product_item.id,
                                             electron_ecommerce.product_item.current_rate,
                                             electron_ecommerce.product_item.price,
                                             electron_ecommerce.product_item.category_id,
                                             electron_ecommerce.product_item.product_details_id,
                                             electron_ecommerce.product_item.description,
                                             electron_ecommerce.product_item.img_url,
                                             electron_ecommerce.product_item.name,
                                             electron_ecommerce.product_item.stock_quantity)
VALUES (27, 4.2, 329.00, 3, 27,
        'The wide P3 colour gamut gives amazing colours - your films and series will look like in cinema. All you need to do is prepare the popcorn.',
        'https://media.currys.biz/i/currysprod/10242129?$g-small$&fmt=auto',
        'BENQ EW2880U 4K Ultra HD 27" IPS Monitor - Black & Brown', 1000),
       (28, 4.5, 349.00, 3, 28,
        'he 4K resolution on top of being HDR compatible means that you''ll be able to see nearly every shade under the sun.',
        'https://media.currys.biz/i/currysprod/10242127?$g-small$&fmt=auto',
        'BENQ DesignVue PD2705U 4K Ultra HD 27" IPS Monitor - Grey', 1000),
       (29, 4.9, 129.00, 3, 29,
        'This Full HD IPS display gives you a lot of detail with amazing colours and wide viewing angles - great for both spreadsheets and Netflix shows.',
        'https://media.currys.biz/i/currysprod/10224985?$g-small$&fmt=auto',
        'LG UltraGear 27MP60G-P.AEK Full HD 27" IPS LCD Monitor - Black', 1000),
       (30, 4.7, 199.00, 3, 30,
        'With 32" and Full HD resolution, this monitor is large and sharp enough for spreadsheets, movies and games',
        'https://media.currys.biz/i/currysprod/10248098?$g-small$&fmt=auto',
        'SAMSUNG LS32C390EAUXXU Full HD 32" Curved VA LCD Monitor - Black', 1000),
       (31, 4.8, 399.00, 3, 31,
        'Perfect for both work and gaming, this Acer monitor is a proper all-rounder. The 34” display means you''ve got a huge screen estate which''ll comfortably fit multiple windows.',
        'https://media.currys.biz/i/currysprod/10251643?$g-small$&fmt=auto',
        'ACER CZ342CUR Wide Quad HD 34" Curved VA LCD Monitor - Black', 1000),
       (32, 4.4, 299.00, 3, 32,
        'Stay productive and entertained on the road. This ASUS portable monitor''s got a 144 Hz refresh rate and AMD FreeSync Premium',
        'https://media.currys.biz/i/currysprod/10253695?$g-small$&fmt=auto',
        'ASUS ZenScreen MB16AHG Full HD 15.6" IPS LED Portable Monitor - Black', 1000);



INSERT INTO electron_ecommerce.product_configuration (electron_ecommerce.product_configuration.product_item_id,
                                                      electron_ecommerce.product_configuration.variation_option_id)
VALUES (27, 22),
       (27, 47),
       (27, 27),
       (27, 35),
       (27, 36),
       (27, 33),

       (28, 22),
       (28, 47),
       (28, 27),
       (28, 35),
       (28, 36),
       (28, 33),

       (29, 48),
       (29, 23),
       (29, 34),
       (29, 31),
       (29, 36),
       (29, 27),

       (30, 48),
       (30, 26),
       (30, 37),
       (30, 31),
       (30, 24),

       (31, 49),
       (31, 25),
       (31, 30),
       (31, 34),
       (31, 37),
       (31, 28),

       (32, 50),
       (32, 48),
       (32, 29),
       (32, 32),
       (32, 34),
       (32, 36);


INSERT INTO electron_ecommerce.account_statuses (electron_ecommerce.account_statuses.id,
                                                 electron_ecommerce.account_statuses.status_type)
VALUES (1, 'ACTIVE'),
       (2, 'AWAITING ACTIVATION');

INSERT INTO electron_ecommerce.roles(electron_ecommerce.roles.id, electron_ecommerce.roles.role_name)
VALUES (1, 'ROLE_USER'),
       (2, 'ROLE_ADMIN');

INSERT INTO electron_ecommerce.users (electron_ecommerce.users.newsletter,
                                      electron_ecommerce.users.account_status_id,
                                      electron_ecommerce.users.id,
                                      electron_ecommerce.users.first_name,
                                      electron_ecommerce.users.last_name,
                                      electron_ecommerce.users.password,
                                      electron_ecommerce.users.email)
VALUES (0, 1, 1,
        'Test',
        'User',
        '$2a$10$IPnG2u0cuDuDtmHOMQJqOuPDQd3hoST3R.tv9ybWZ3zG98L.Tpt4y',
        'user@test.com'),
       (0, 1, 2,
        'John', 'Smith',
        '$2a$10$hymFnjWTSSG6OLgt6b4rxuDBXAMHuUhmgyo.ihgBUD0VUkcpICoam',
        'admin@admin.com');


INSERT INTO electron_ecommerce.users_roles (electron_ecommerce.users_roles.role_id,
                                            electron_ecommerce.users_roles.user_id)
VALUES (1, 1),
       (2, 2);

INSERT INTO electron_ecommerce.reviews (electron_ecommerce.reviews.id,
                                        electron_ecommerce.reviews.rate,
                                        electron_ecommerce.reviews.product_item_id,
                                        electron_ecommerce.reviews.user_id,
                                        electron_ecommerce.reviews.created_on,
                                        electron_ecommerce.reviews.review)
VALUES (1, 4.7,1, 2, CURRENT_DATE,'Ordered RAM from this site and it exceeded expectations! Speedy delivery, effortless install, and my computer''s performance is stellar. Amazing product and service!' ),
       (2, 4.3,1, 2, CURRENT_DATE,'Snagged some RAM here and it''s incredible! Arrived fast, installed in a snap, and my PC runs like a dream. Superb quality, will buy again!' ),
       (3, 4.4,1, 2, CURRENT_DATE,'Got my RAM from this site and I''m blown away! Quick to arrive, easy to set up, and my computer is flying. Great value and helpful support.' ),
       (4, 4.2,1, 2, CURRENT_DATE,'Purchased RAM here and it''s top-notch! Delivery was prompt, installation was a breeze, and my computer''s speed is unbelievable. Excellent service!' ),
       (5, 4.1,1, 2, CURRENT_DATE,'Bought RAM from this site and I''m super satisfied! Fast shipping, no-fuss installation, and my PC performance is through the roof. Fantastic experience!' ),
       (6, 4.6,1, 2, CURRENT_DATE,'Acquired RAM from here and it''s a total win! Arrived quickly, super easy to install, and my computer''s responsiveness is amazing. Great product and support!' ),
       (7, 4.8,1, 2, CURRENT_DATE,'Scored some RAM from this site and it''s perfect! Shipped fast, installation was straightforward, and my PC is now super quick. Very happy with the purchase!' ),
       (8, 4.3,1, 2, CURRENT_DATE,'Grabbed RAM from this website and it''s impressive! Quick delivery, hassle-free setup, and my computer is much faster. Reliable service, highly recommend!' ),
       (9, 4.4,1, 2, CURRENT_DATE,'Invested in RAM from this site and it''s worth every penny! Arrived promptly, easy install, and my PC''s performance has skyrocketed. Outstanding quality and support!' ),
       (10, 4.1,1, 2,CURRENT_DATE, 'Chose RAM from this site and it''s a lifesaver! Delivered swiftly, easy to install, and my computer''s speed has improved dramatically. Excellent all around!' ),

       (11, 4.7,2, 2,CURRENT_DATE, 'Ordered RAM from this site and it exceeded expectations! Speedy delivery, effortless install, and my computer''s performance is stellar. Amazing product and service!' ),
       (12, 4.3,2, 2,CURRENT_DATE, 'Snagged some RAM here and it''s incredible! Arrived fast, installed in a snap, and my PC runs like a dream. Superb quality, will buy again!' ),
       (13, 4.4,2, 2,CURRENT_DATE, 'Got my RAM from this site and I''m blown away! Quick to arrive, easy to set up, and my computer is flying. Great value and helpful support.' ),
       (14, 4.2,2, 2,CURRENT_DATE, 'Purchased RAM here and it''s top-notch! Delivery was prompt, installation was a breeze, and my computer''s speed is unbelievable. Excellent service!' ),
       (15, 4.1,2, 2,CURRENT_DATE, 'Bought RAM from this site and I''m super satisfied! Fast shipping, no-fuss installation, and my PC performance is through the roof. Fantastic experience!' ),
       (16, 4.6,2, 2,CURRENT_DATE, 'Acquired RAM from here and it''s a total win! Arrived quickly, super easy to install, and my computer''s responsiveness is amazing. Great product and support!' ),
       (17, 4.8,2, 2,CURRENT_DATE, 'Scored some RAM from this site and it''s perfect! Shipped fast, installation was straightforward, and my PC is now super quick. Very happy with the purchase!' ),
       (18, 4.3,2, 2,CURRENT_DATE, 'Grabbed RAM from this website and it''s impressive! Quick delivery, hassle-free setup, and my computer is much faster. Reliable service, highly recommend!' ),
       (19, 4.4,2, 2,CURRENT_DATE, 'Invested in RAM from this site and it''s worth every penny! Arrived promptly, easy install, and my PC''s performance has skyrocketed. Outstanding quality and support!' ),
       (20, 4.1,2, 2,CURRENT_DATE, 'Chose RAM from this site and it''s a lifesaver! Delivered swiftly, easy to install, and my computer''s speed has improved dramatically. Excellent all around!' ),

       (21, 4.7,3, 2,CURRENT_DATE, 'Ordered RAM from this site and it exceeded expectations! Speedy delivery, effortless install, and my computer''s performance is stellar. Amazing product and service!' ),
       (22, 4.3,3, 2,CURRENT_DATE, 'Snagged some RAM here and it''s incredible! Arrived fast, installed in a snap, and my PC runs like a dream. Superb quality, will buy again!' ),
       (23, 4.4,3, 2,CURRENT_DATE, 'Got my RAM from this site and I''m blown away! Quick to arrive, easy to set up, and my computer is flying. Great value and helpful support.' ),
       (24, 4.2,3, 2,CURRENT_DATE, 'Purchased RAM here and it''s top-notch! Delivery was prompt, installation was a breeze, and my computer''s speed is unbelievable. Excellent service!' ),
       (25, 4.1,3, 2,CURRENT_DATE, 'Bought RAM from this site and I''m super satisfied! Fast shipping, no-fuss installation, and my PC performance is through the roof. Fantastic experience!' ),
       (26, 4.6,3, 2,CURRENT_DATE, 'Acquired RAM from here and it''s a total win! Arrived quickly, super easy to install, and my computer''s responsiveness is amazing. Great product and support!' ),
       (27, 4.8,3, 2,CURRENT_DATE, 'Scored some RAM from this site and it''s perfect! Shipped fast, installation was straightforward, and my PC is now super quick. Very happy with the purchase!' ),
       (28, 4.3,3, 2,CURRENT_DATE, 'Grabbed RAM from this website and it''s impressive! Quick delivery, hassle-free setup, and my computer is much faster. Reliable service, highly recommend!' ),
       (29, 4.4,3, 2,CURRENT_DATE, 'Invested in RAM from this site and it''s worth every penny! Arrived promptly, easy install, and my PC''s performance has skyrocketed. Outstanding quality and support!' ),
       (30, 4.1,3, 2,CURRENT_DATE, 'Chose RAM from this site and it''s a lifesaver! Delivered swiftly, easy to install, and my computer''s speed has improved dramatically. Excellent all around!' ),

       (31, 4.7,4, 2,CURRENT_DATE, 'Ordered RAM from this site and it exceeded expectations! Speedy delivery, effortless install, and my computer''s performance is stellar. Amazing product and service!' ),
       (32, 4.3,4, 2,CURRENT_DATE, 'Snagged some RAM here and it''s incredible! Arrived fast, installed in a snap, and my PC runs like a dream. Superb quality, will buy again!' ),
       (33, 4.4,4, 2,CURRENT_DATE, 'Got my RAM from this site and I''m blown away! Quick to arrive, easy to set up, and my computer is flying. Great value and helpful support.' ),
       (34, 4.2,4, 2,CURRENT_DATE, 'Purchased RAM here and it''s top-notch! Delivery was prompt, installation was a breeze, and my computer''s speed is unbelievable. Excellent service!' ),
       (35, 4.1,4, 2,CURRENT_DATE, 'Bought RAM from this site and I''m super satisfied! Fast shipping, no-fuss installation, and my PC performance is through the roof. Fantastic experience!' ),
       (36, 4.6,4, 2,CURRENT_DATE, 'Acquired RAM from here and it''s a total win! Arrived quickly, super easy to install, and my computer''s responsiveness is amazing. Great product and support!' ),
       (37, 4.8,4, 2,CURRENT_DATE, 'Scored some RAM from this site and it''s perfect! Shipped fast, installation was straightforward, and my PC is now super quick. Very happy with the purchase!' ),
       (38, 4.3,4, 2,CURRENT_DATE, 'Grabbed RAM from this website and it''s impressive! Quick delivery, hassle-free setup, and my computer is much faster. Reliable service, highly recommend!' ),
       (39, 4.4,4, 2,CURRENT_DATE, 'Invested in RAM from this site and it''s worth every penny! Arrived promptly, easy install, and my PC''s performance has skyrocketed. Outstanding quality and support!' ),
       (40, 4.1,4, 2,CURRENT_DATE, 'Chose RAM from this site and it''s a lifesaver! Delivered swiftly, easy to install, and my computer''s speed has improved dramatically. Excellent all around!' ),

       (41, 4.7,5, 2,CURRENT_DATE, 'Ordered RAM from this site and it exceeded expectations! Speedy delivery, effortless install, and my computer''s performance is stellar. Amazing product and service!' ),
       (42, 4.3,5, 2,CURRENT_DATE, 'Snagged some RAM here and it''s incredible! Arrived fast, installed in a snap, and my PC runs like a dream. Superb quality, will buy again!' ),
       (43, 4.4,5, 2,CURRENT_DATE, 'Got my RAM from this site and I''m blown away! Quick to arrive, easy to set up, and my computer is flying. Great value and helpful support.' ),
       (44, 4.2,5, 2,CURRENT_DATE, 'Purchased RAM here and it''s top-notch! Delivery was prompt, installation was a breeze, and my computer''s speed is unbelievable. Excellent service!' ),
       (45, 4.1,5, 2,CURRENT_DATE, 'Bought RAM from this site and I''m super satisfied! Fast shipping, no-fuss installation, and my PC performance is through the roof. Fantastic experience!' ),
       (46, 4.6,5, 2,CURRENT_DATE, 'Acquired RAM from here and it''s a total win! Arrived quickly, super easy to install, and my computer''s responsiveness is amazing. Great product and support!' ),
       (47, 4.8,5, 2,CURRENT_DATE, 'Scored some RAM from this site and it''s perfect! Shipped fast, installation was straightforward, and my PC is now super quick. Very happy with the purchase!' ),
       (48, 4.3,5, 2,CURRENT_DATE, 'Grabbed RAM from this website and it''s impressive! Quick delivery, hassle-free setup, and my computer is much faster. Reliable service, highly recommend!' ),
       (49, 4.4,5, 2,CURRENT_DATE, 'Invested in RAM from this site and it''s worth every penny! Arrived promptly, easy install, and my PC''s performance has skyrocketed. Outstanding quality and support!' ),
       (50, 4.1,5, 2,CURRENT_DATE, 'Chose RAM from this site and it''s a lifesaver! Delivered swiftly, easy to install, and my computer''s speed has improved dramatically. Excellent all around!' ),

       (51, 4.7,6, 2,CURRENT_DATE, 'Ordered RAM from this site and it exceeded expectations! Speedy delivery, effortless install, and my computer''s performance is stellar. Amazing product and service!' ),
       (52, 4.3,6, 2,CURRENT_DATE, 'Snagged some RAM here and it''s incredible! Arrived fast, installed in a snap, and my PC runs like a dream. Superb quality, will buy again!' ),
       (53, 4.4,6, 2,CURRENT_DATE, 'Got my RAM from this site and I''m blown away! Quick to arrive, easy to set up, and my computer is flying. Great value and helpful support.' ),
       (54, 4.2,6, 2,CURRENT_DATE, 'Purchased RAM here and it''s top-notch! Delivery was prompt, installation was a breeze, and my computer''s speed is unbelievable. Excellent service!' ),
       (55, 4.1,6, 2,CURRENT_DATE, 'Bought RAM from this site and I''m super satisfied! Fast shipping, no-fuss installation, and my PC performance is through the roof. Fantastic experience!' ),
       (56, 4.6,6, 2,CURRENT_DATE, 'Acquired RAM from here and it''s a total win! Arrived quickly, super easy to install, and my computer''s responsiveness is amazing. Great product and support!' ),
       (57, 4.8,6, 2,CURRENT_DATE, 'Scored some RAM from this site and it''s perfect! Shipped fast, installation was straightforward, and my PC is now super quick. Very happy with the purchase!' ),
       (58, 4.3,6, 2,CURRENT_DATE, 'Grabbed RAM from this website and it''s impressive! Quick delivery, hassle-free setup, and my computer is much faster. Reliable service, highly recommend!' ),
       (59, 4.4,6, 2,CURRENT_DATE, 'Invested in RAM from this site and it''s worth every penny! Arrived promptly, easy install, and my PC''s performance has skyrocketed. Outstanding quality and support!' ),
       (60, 4.1,6, 2,CURRENT_DATE, 'Chose RAM from this site and it''s a lifesaver! Delivered swiftly, easy to install, and my computer''s speed has improved dramatically. Excellent all around!' ),

       (61, 4.7,7, 2,CURRENT_DATE, 'Ordered RAM from this site and it exceeded expectations! Speedy delivery, effortless install, and my computer''s performance is stellar. Amazing product and service!' ),
       (62, 4.3,7, 2,CURRENT_DATE, 'Snagged some RAM here and it''s incredible! Arrived fast, installed in a snap, and my PC runs like a dream. Superb quality, will buy again!' ),
       (63, 4.4,7, 2,CURRENT_DATE, 'Got my RAM from this site and I''m blown away! Quick to arrive, easy to set up, and my computer is flying. Great value and helpful support.' ),
       (64, 4.2,7, 2,CURRENT_DATE, 'Purchased RAM here and it''s top-notch! Delivery was prompt, installation was a breeze, and my computer''s speed is unbelievable. Excellent service!' ),
       (65, 4.1,7, 2,CURRENT_DATE, 'Bought RAM from this site and I''m super satisfied! Fast shipping, no-fuss installation, and my PC performance is through the roof. Fantastic experience!' ),
       (66, 4.6,7, 2,CURRENT_DATE, 'Acquired RAM from here and it''s a total win! Arrived quickly, super easy to install, and my computer''s responsiveness is amazing. Great product and support!' ),
       (67, 4.8,7, 2,CURRENT_DATE, 'Scored some RAM from this site and it''s perfect! Shipped fast, installation was straightforward, and my PC is now super quick. Very happy with the purchase!' ),
       (68, 4.3,7, 2,CURRENT_DATE, 'Grabbed RAM from this website and it''s impressive! Quick delivery, hassle-free setup, and my computer is much faster. Reliable service, highly recommend!' ),
       (69, 4.4,7, 2,CURRENT_DATE, 'Invested in RAM from this site and it''s worth every penny! Arrived promptly, easy install, and my PC''s performance has skyrocketed. Outstanding quality and support!' ),
       (70, 4.1,7, 2,CURRENT_DATE, 'Chose RAM from this site and it''s a lifesaver! Delivered swiftly, easy to install, and my computer''s speed has improved dramatically. Excellent all around!' ),

       (71, 4.7,8, 2,CURRENT_DATE, 'Ordered RAM from this site and it exceeded expectations! Speedy delivery, effortless install, and my computer''s performance is stellar. Amazing product and service!' ),
       (72, 4.3,8, 2,CURRENT_DATE, 'Snagged some RAM here and it''s incredible! Arrived fast, installed in a snap, and my PC runs like a dream. Superb quality, will buy again!' ),
       (73, 4.4,8, 2,CURRENT_DATE, 'Got my RAM from this site and I''m blown away! Quick to arrive, easy to set up, and my computer is flying. Great value and helpful support.' ),
       (74, 4.2,8, 2,CURRENT_DATE, 'Purchased RAM here and it''s top-notch! Delivery was prompt, installation was a breeze, and my computer''s speed is unbelievable. Excellent service!' ),
       (75, 4.1,8, 2,CURRENT_DATE, 'Bought RAM from this site and I''m super satisfied! Fast shipping, no-fuss installation, and my PC performance is through the roof. Fantastic experience!' ),
       (76, 4.6,8, 2,CURRENT_DATE, 'Acquired RAM from here and it''s a total win! Arrived quickly, super easy to install, and my computer''s responsiveness is amazing. Great product and support!' ),
       (77, 4.8,8, 2,CURRENT_DATE, 'Scored some RAM from this site and it''s perfect! Shipped fast, installation was straightforward, and my PC is now super quick. Very happy with the purchase!' ),
       (78, 4.3,8, 2,CURRENT_DATE, 'Grabbed RAM from this website and it''s impressive! Quick delivery, hassle-free setup, and my computer is much faster. Reliable service, highly recommend!' ),
       (79, 4.4,8, 2,CURRENT_DATE, 'Invested in RAM from this site and it''s worth every penny! Arrived promptly, easy install, and my PC''s performance has skyrocketed. Outstanding quality and support!' ),
       (80, 4.1,8, 2,CURRENT_DATE, 'Chose RAM from this site and it''s a lifesaver! Delivered swiftly, easy to install, and my computer''s speed has improved dramatically. Excellent all around!' ),






       (81, 4.7, 9, 2,CURRENT_DATE, 'The graphics card has transformed my gaming experience with its incredible performance and high frame rates.'),
       (82, 4.6, 9, 2,CURRENT_DATE, 'Stunning visuals and seamless gameplay, thanks to this top-tier graphics card.'),
       (83, 4.8, 9, 2,CURRENT_DATE, 'This card handles 4K gaming like a dream. Worth every penny for serious gamers.'),
       (84, 4.5, 9, 2,CURRENT_DATE, 'Impressed by the cooling efficiency and quiet operation, even under load.'),
       (85, 4.9, 9, 2,CURRENT_DATE, 'Ray tracing technology on this card brings games to life. The future of gaming is here.'),
       (86, 4.4, 9, 2,CURRENT_DATE, 'Exceptional performance boost for creative applications and video editing.'),
       (87, 4.8, 9, 2,CURRENT_DATE, 'Easy to install and configure. Noticed a significant improvement in graphic-intensive tasks.'),
       (88, 4.3, 9, 2,CURRENT_DATE, 'Energy-efficient without compromising on power. Great choice for eco-conscious users.'),
       (89, 4.7, 9, 2, CURRENT_DATE, 'This card''s multi-monitor support is outstanding for multitasking and immersive gaming setups.'),
       (90, 4.5, 9, 2,CURRENT_DATE, 'With this card, my design software runs smoother than ever. Highly recommend for professionals.'),

       (91, 4.7, 10, 2,CURRENT_DATE, 'The graphics card has transformed my gaming experience with its incredible performance and high frame rates.'),
       (92, 4.6, 10, 2,CURRENT_DATE, 'Stunning visuals and seamless gameplay, thanks to this top-tier graphics card.'),
       (93, 4.8, 10, 2,CURRENT_DATE, 'This card handles 4K gaming like a dream. Worth every penny for serious gamers.'),
       (94, 4.5, 10, 2,CURRENT_DATE, 'Impressed by the cooling efficiency and quiet operation, even under load.'),
       (95, 4.9, 10, 2,CURRENT_DATE, 'Ray tracing technology on this card brings games to life. The future of gaming is here.'),
       (96, 4.4, 10, 2,CURRENT_DATE, 'Exceptional performance boost for creative applications and video editing.'),
       (97, 4.8, 10, 2,CURRENT_DATE, 'Easy to install and configure. Noticed a significant improvement in graphic-intensive tasks.'),
       (98, 4.3, 10, 2,CURRENT_DATE, 'Energy-efficient without compromising on power. Great choice for eco-conscious users.'),
       (99, 4.7, 10, 2, CURRENT_DATE, 'This card''s multi-monitor support is outstanding for multitasking and immersive gaming setups.'),
       (100, 4.5, 10, 2,CURRENT_DATE, 'With this card, my design software runs smoother than ever. Highly recommend for professionals.'),

       (101, 4.7, 11, 2,CURRENT_DATE, 'The graphics card has transformed my gaming experience with its incredible performance and high frame rates.'),
       (102, 4.6, 11, 2,CURRENT_DATE, 'Stunning visuals and seamless gameplay, thanks to this top-tier graphics card.'),
       (103, 4.8, 11, 2,CURRENT_DATE, 'This card handles 4K gaming like a dream. Worth every penny for serious gamers.'),
       (104, 4.5, 11, 2,CURRENT_DATE, 'Impressed by the cooling efficiency and quiet operation, even under load.'),
       (105, 4.9, 11, 2,CURRENT_DATE, 'Ray tracing technology on this card brings games to life. The future of gaming is here.'),
       (106, 4.4, 11, 2,CURRENT_DATE, 'Exceptional performance boost for creative applications and video editing.'),
       (107, 4.8, 11, 2,CURRENT_DATE, 'Easy to install and configure. Noticed a significant improvement in graphic-intensive tasks.'),
       (108, 4.3, 11, 2,CURRENT_DATE, 'Energy-efficient without compromising on power. Great choice for eco-conscious users.'),
       (109, 4.7, 11, 2, CURRENT_DATE, 'This card''s multi-monitor support is outstanding for multitasking and immersive gaming setups.'),
       (110, 4.5, 11, 2,CURRENT_DATE, 'With this card, my design software runs smoother than ever. Highly recommend for professionals.'),

       (111, 4.7, 12, 2,CURRENT_DATE, 'The graphics card has transformed my gaming experience with its incredible performance and high frame rates.'),
       (112, 4.6, 12, 2,CURRENT_DATE, 'Stunning visuals and seamless gameplay, thanks to this top-tier graphics card.'),
       (113, 4.8, 12, 2,CURRENT_DATE, 'This card handles 4K gaming like a dream. Worth every penny for serious gamers.'),
       (114, 4.5, 12, 2,CURRENT_DATE, 'Impressed by the cooling efficiency and quiet operation, even under load.'),
       (115, 4.9, 12, 2,CURRENT_DATE, 'Ray tracing technology on this card brings games to life. The future of gaming is here.'),
       (116, 4.4, 12, 2,CURRENT_DATE, 'Exceptional performance boost for creative applications and video editing.'),
       (117, 4.8, 12, 2,CURRENT_DATE, 'Easy to install and configure. Noticed a significant improvement in graphic-intensive tasks.'),
       (118, 4.3, 12, 2,CURRENT_DATE, 'Energy-efficient without compromising on power. Great choice for eco-conscious users.'),
       (119, 4.7, 12, 2, CURRENT_DATE, 'This card''s multi-monitor support is outstanding for multitasking and immersive gaming setups.'),
       (120, 4.5, 12, 2,CURRENT_DATE, 'With this card, my design software runs smoother than ever. Highly recommend for professionals.'),

       (121, 4.7, 13, 2,CURRENT_DATE, 'The graphics card has transformed my gaming experience with its incredible performance and high frame rates.'),
       (122, 4.6, 13, 2,CURRENT_DATE, 'Stunning visuals and seamless gameplay, thanks to this top-tier graphics card.'),
       (123, 4.8, 13, 2,CURRENT_DATE, 'This card handles 4K gaming like a dream. Worth every penny for serious gamers.'),
       (124, 4.5, 13, 2,CURRENT_DATE, 'Impressed by the cooling efficiency and quiet operation, even under load.'),
       (125, 4.9, 13, 2,CURRENT_DATE, 'Ray tracing technology on this card brings games to life. The future of gaming is here.'),
       (126, 4.4, 13, 2,CURRENT_DATE, 'Exceptional performance boost for creative applications and video editing.'),
       (127, 4.8, 13, 2,CURRENT_DATE, 'Easy to install and configure. Noticed a significant improvement in graphic-intensive tasks.'),
       (128, 4.3, 13, 2,CURRENT_DATE, 'Energy-efficient without compromising on power. Great choice for eco-conscious users.'),
       (129, 4.7, 13, 2, CURRENT_DATE, 'This card''s multi-monitor support is outstanding for multitasking and immersive gaming setups.'),
       (130, 4.5, 13, 2,CURRENT_DATE, 'With this card, my design software runs smoother than ever. Highly recommend for professionals.'),

       (131, 4.7, 14, 2,CURRENT_DATE, 'The graphics card has transformed my gaming experience with its incredible performance and high frame rates.'),
       (132, 4.6, 14, 2,CURRENT_DATE, 'Stunning visuals and seamless gameplay, thanks to this top-tier graphics card.'),
       (133, 4.8, 14, 2,CURRENT_DATE, 'This card handles 4K gaming like a dream. Worth every penny for serious gamers.'),
       (134, 4.5, 14, 2,CURRENT_DATE, 'Impressed by the cooling efficiency and quiet operation, even under load.'),
       (135, 4.9, 14, 2,CURRENT_DATE, 'Ray tracing technology on this card brings games to life. The future of gaming is here.'),
       (136, 4.4, 14, 2,CURRENT_DATE, 'Exceptional performance boost for creative applications and video editing.'),
       (137, 4.8, 14, 2,CURRENT_DATE, 'Easy to install and configure. Noticed a significant improvement in graphic-intensive tasks.'),
       (138, 4.3, 14, 2,CURRENT_DATE, 'Energy-efficient without compromising on power. Great choice for eco-conscious users.'),
       (139, 4.7, 14, 2, CURRENT_DATE, 'This card''s multi-monitor support is outstanding for multitasking and immersive gaming setups.'),
       (140, 4.5, 14, 2,CURRENT_DATE, 'With this card, my design software runs smoother than ever. Highly recommend for professionals.'),

       (141, 4.7, 15, 2,CURRENT_DATE, 'The graphics card has transformed my gaming experience with its incredible performance and high frame rates.'),
       (142, 4.6, 15, 2,CURRENT_DATE, 'Stunning visuals and seamless gameplay, thanks to this top-tier graphics card.'),
       (143, 4.8, 15, 2,CURRENT_DATE, 'This card handles 4K gaming like a dream. Worth every penny for serious gamers.'),
       (144, 4.5, 15, 2,CURRENT_DATE, 'Impressed by the cooling efficiency and quiet operation, even under load.'),
       (145, 4.9, 15, 2,CURRENT_DATE, 'Ray tracing technology on this card brings games to life. The future of gaming is here.'),
       (146, 4.4, 15, 2,CURRENT_DATE, 'Exceptional performance boost for creative applications and video editing.'),
       (147, 4.8, 15, 2,CURRENT_DATE, 'Easy to install and configure. Noticed a significant improvement in graphic-intensive tasks.'),
       (148, 4.3, 15, 2,CURRENT_DATE, 'Energy-efficient without compromising on power. Great choice for eco-conscious users.'),
       (149, 4.7, 15, 2, CURRENT_DATE, 'This card''s multi-monitor support is outstanding for multitasking and immersive gaming setups.'),
       (150, 4.5, 15, 2,CURRENT_DATE, 'With this card, my design software runs smoother than ever. Highly recommend for professionals.'),

       (151, 4.7, 16, 2,CURRENT_DATE, 'The graphics card has transformed my gaming experience with its incredible performance and high frame rates.'),
       (152, 4.6, 16, 2,CURRENT_DATE, 'Stunning visuals and seamless gameplay, thanks to this top-tier graphics card.'),
       (153, 4.8, 16, 2,CURRENT_DATE, 'This card handles 4K gaming like a dream. Worth every penny for serious gamers.'),
       (154, 4.5, 16, 2,CURRENT_DATE, 'Impressed by the cooling efficiency and quiet operation, even under load.'),
       (155, 4.9, 16, 2,CURRENT_DATE, 'Ray tracing technology on this card brings games to life. The future of gaming is here.'),
       (156, 4.4, 16, 2,CURRENT_DATE, 'Exceptional performance boost for creative applications and video editing.'),
       (157, 4.8, 16, 2,CURRENT_DATE, 'Easy to install and configure. Noticed a significant improvement in graphic-intensive tasks.'),
       (158, 4.3, 16, 2,CURRENT_DATE, 'Energy-efficient without compromising on power. Great choice for eco-conscious users.'),
       (159, 4.7, 16, 2, CURRENT_DATE, 'This card''s multi-monitor support is outstanding for multitasking and immersive gaming setups.'),
       (160, 4.5, 16, 2,CURRENT_DATE, 'With this card, my design software runs smoother than ever. Highly recommend for professionals.'),

       (161, 4.7, 17, 2,CURRENT_DATE, 'The graphics card has transformed my gaming experience with its incredible performance and high frame rates.'),
       (162, 4.6, 17, 2,CURRENT_DATE, 'Stunning visuals and seamless gameplay, thanks to this top-tier graphics card.'),
       (163, 4.8, 17, 2,CURRENT_DATE, 'This card handles 4K gaming like a dream. Worth every penny for serious gamers.'),
       (164, 4.5, 17, 2,CURRENT_DATE, 'Impressed by the cooling efficiency and quiet operation, even under load.'),
       (165, 4.9, 17, 2,CURRENT_DATE, 'Ray tracing technology on this card brings games to life. The future of gaming is here.'),
       (166, 4.4, 17, 2,CURRENT_DATE, 'Exceptional performance boost for creative applications and video editing.'),
       (167, 4.8, 17, 2,CURRENT_DATE, 'Easy to install and configure. Noticed a significant improvement in graphic-intensive tasks.'),
       (168, 4.3, 17, 2,CURRENT_DATE, 'Energy-efficient without compromising on power. Great choice for eco-conscious users.'),
       (169, 4.7, 17, 2, CURRENT_DATE, 'This card''s multi-monitor support is outstanding for multitasking and immersive gaming setups.'),
       (170, 4.5, 17, 2,CURRENT_DATE, 'With this card, my design software runs smoother than ever. Highly recommend for professionals.'),

       (171, 4.6, 18, 2, CURRENT_DATE, 'This keyboard''s tactile feedback is a game-changer for typing. Comfortable and responsive.'),
       (172, 4.7, 18, 2, CURRENT_DATE, 'The RGB lighting adds a fun and customizable aspect to my setup. Keys feel great.'),
       (173, 4.5, 18, 2, CURRENT_DATE, 'Love the build quality and the key layout. Makes for an efficient and enjoyable typing experience.'),
       (174, 4.8, 18, 2, CURRENT_DATE, 'The wireless connectivity is reliable and lag-free. Perfect for a clean desk setup.'),
       (175, 4.4, 18, 2, CURRENT_DATE, 'Impressed by the battery life on this wireless keyboard. Durability meets functionality.'),
       (176, 4.6, 18, 2, CURRENT_DATE, 'The mechanical switches are a delight. Typing for long hours has never been more comfortable.'),
       (177, 4.9, 18, 2, CURRENT_DATE, 'Compact design without sacrificing key functionality. Ideal for limited desk spaces.'),
       (178, 4.5, 18, 2, CURRENT_DATE, 'The customizable hotkeys have streamlined my workflow significantly. Highly intuitive.'),
       (179, 4.7, 18, 2, CURRENT_DATE, 'This keyboard''s quiet keys are a blessing in a shared workspace. Efficiency meets discretion.'),
       (180, 4.8, 18, 2, CURRENT_DATE, 'Ergonomically designed for comfort, reducing strain during long typing sessions. Top-notch.'),

       (181, 4.6, 19, 2, CURRENT_DATE, 'This keyboard''s tactile feedback is a game-changer for typing. Comfortable and responsive.'),
       (182, 4.7, 19, 2, CURRENT_DATE, 'The RGB lighting adds a fun and customizable aspect to my setup. Keys feel great.'),
       (183, 4.5, 19, 2, CURRENT_DATE, 'Love the build quality and the key layout. Makes for an efficient and enjoyable typing experience.'),
       (184, 4.8, 19, 2, CURRENT_DATE, 'The wireless connectivity is reliable and lag-free. Perfect for a clean desk setup.'),
       (185, 4.4, 19, 2, CURRENT_DATE, 'Impressed by the battery life on this wireless keyboard. Durability meets functionality.'),
       (186, 4.6, 19, 2, CURRENT_DATE, 'The mechanical switches are a delight. Typing for long hours has never been more comfortable.'),
       (187, 4.9, 19, 2, CURRENT_DATE, 'Compact design without sacrificing key functionality. Ideal for limited desk spaces.'),
       (188, 4.5, 19, 2, CURRENT_DATE, 'The customizable hotkeys have streamlined my workflow significantly. Highly intuitive.'),
       (189, 4.7, 19, 2, CURRENT_DATE, 'This keyboard''s quiet keys are a blessing in a shared workspace. Efficiency meets discretion.'),
       (190, 4.8, 19, 2, CURRENT_DATE, 'Ergonomically designed for comfort, reducing strain during long typing sessions. Top-notch.'),

       (191, 4.6, 20, 2, CURRENT_DATE, 'This keyboard''s tactile feedback is a game-changer for typing. Comfortable and responsive.'),
       (192, 4.7, 20, 2, CURRENT_DATE, 'The RGB lighting adds a fun and customizable aspect to my setup. Keys feel great.'),
       (193, 4.5, 20, 2, CURRENT_DATE, 'Love the build quality and the key layout. Makes for an efficient and enjoyable typing experience.'),
       (194, 4.8, 20, 2, CURRENT_DATE, 'The wireless connectivity is reliable and lag-free. Perfect for a clean desk setup.'),
       (195, 4.4, 20, 2, CURRENT_DATE, 'Impressed by the battery life on this wireless keyboard. Durability meets functionality.'),
       (196, 4.6, 20, 2, CURRENT_DATE, 'The mechanical switches are a delight. Typing for long hours has never been more comfortable.'),
       (197, 4.9, 20, 2, CURRENT_DATE, 'Compact design without sacrificing key functionality. Ideal for limited desk spaces.'),
       (198, 4.5, 20, 2, CURRENT_DATE, 'The customizable hotkeys have streamlined my workflow significantly. Highly intuitive.'),
       (199, 4.7, 20, 2, CURRENT_DATE, 'This keyboard''s quiet keys are a blessing in a shared workspace. Efficiency meets discretion.'),
       (200, 4.8, 20, 2, CURRENT_DATE, 'Ergonomically designed for comfort, reducing strain during long typing sessions. Top-notch.'),

       (201, 4.6, 21, 2, CURRENT_DATE, 'This keyboard''s tactile feedback is a game-changer for typing. Comfortable and responsive.'),
       (202, 4.7, 21, 2, CURRENT_DATE, 'The RGB lighting adds a fun and customizable aspect to my setup. Keys feel great.'),
       (203, 4.5, 21, 2, CURRENT_DATE, 'Love the build quality and the key layout. Makes for an efficient and enjoyable typing experience.'),
       (204, 4.8, 21, 2, CURRENT_DATE, 'The wireless connectivity is reliable and lag-free. Perfect for a clean desk setup.'),
       (205, 4.4, 21, 2, CURRENT_DATE, 'Impressed by the battery life on this wireless keyboard. Durability meets functionality.'),
       (206, 4.6, 21, 2, CURRENT_DATE, 'The mechanical switches are a delight. Typing for long hours has never been more comfortable.'),
       (207, 4.9, 21, 2, CURRENT_DATE, 'Compact design without sacrificing key functionality. Ideal for limited desk spaces.'),
       (208, 4.5, 21, 2, CURRENT_DATE, 'The customizable hotkeys have streamlined my workflow significantly. Highly intuitive.'),
       (209, 4.7, 21, 2, CURRENT_DATE, 'This keyboard''s quiet keys are a blessing in a shared workspace. Efficiency meets discretion.'),
       (210, 4.8, 21, 2, CURRENT_DATE, 'Ergonomically designed for comfort, reducing strain during long typing sessions. Top-notch.'),

       (211, 4.6, 22, 2, CURRENT_DATE, 'This keyboard''s tactile feedback is a game-changer for typing. Comfortable and responsive.'),
       (212, 4.7, 22, 2, CURRENT_DATE, 'The RGB lighting adds a fun and customizable aspect to my setup. Keys feel great.'),
       (213, 4.5, 22, 2, CURRENT_DATE, 'Love the build quality and the key layout. Makes for an efficient and enjoyable typing experience.'),
       (214, 4.8, 22, 2, CURRENT_DATE, 'The wireless connectivity is reliable and lag-free. Perfect for a clean desk setup.'),
       (215, 4.4, 22, 2, CURRENT_DATE, 'Impressed by the battery life on this wireless keyboard. Durability meets functionality.'),
       (216, 4.6, 22, 2, CURRENT_DATE, 'The mechanical switches are a delight. Typing for long hours has never been more comfortable.'),
       (217, 4.9, 22, 2, CURRENT_DATE, 'Compact design without sacrificing key functionality. Ideal for limited desk spaces.'),
       (218, 4.5, 22, 2, CURRENT_DATE, 'The customizable hotkeys have streamlined my workflow significantly. Highly intuitive.'),
       (219, 4.7, 22, 2, CURRENT_DATE, 'This keyboard''s quiet keys are a blessing in a shared workspace. Efficiency meets discretion.'),
       (220, 4.8, 22, 2, CURRENT_DATE, 'Ergonomically designed for comfort, reducing strain during long typing sessions. Top-notch.'),

       (221, 4.6, 23, 2, CURRENT_DATE, 'This keyboard''s tactile feedback is a game-changer for typing. Comfortable and responsive.'),
       (222, 4.7, 23, 2, CURRENT_DATE, 'The RGB lighting adds a fun and customizable aspect to my setup. Keys feel great.'),
       (223, 4.5, 23, 2, CURRENT_DATE, 'Love the build quality and the key layout. Makes for an efficient and enjoyable typing experience.'),
       (224, 4.8, 23, 2, CURRENT_DATE, 'The wireless connectivity is reliable and lag-free. Perfect for a clean desk setup.'),
       (225, 4.4, 23, 2, CURRENT_DATE, 'Impressed by the battery life on this wireless keyboard. Durability meets functionality.'),
       (226, 4.6, 23, 2, CURRENT_DATE, 'The mechanical switches are a delight. Typing for long hours has never been more comfortable.'),
       (227, 4.9, 23, 2, CURRENT_DATE, 'Compact design without sacrificing key functionality. Ideal for limited desk spaces.'),
       (228, 4.5, 23, 2, CURRENT_DATE, 'The customizable hotkeys have streamlined my workflow significantly. Highly intuitive.'),
       (229, 4.7, 23, 2, CURRENT_DATE, 'This keyboard''s quiet keys are a blessing in a shared workspace. Efficiency meets discretion.'),
       (230, 4.8, 23, 2, CURRENT_DATE, 'Ergonomically designed for comfort, reducing strain during long typing sessions. Top-notch.'),

       (231, 4.6, 24, 2, CURRENT_DATE, 'This keyboard''s tactile feedback is a game-changer for typing. Comfortable and responsive.'),
       (232, 4.7, 24, 2, CURRENT_DATE, 'The RGB lighting adds a fun and customizable aspect to my setup. Keys feel great.'),
       (233, 4.5, 24, 2, CURRENT_DATE, 'Love the build quality and the key layout. Makes for an efficient and enjoyable typing experience.'),
       (234, 4.8, 24, 2, CURRENT_DATE, 'The wireless connectivity is reliable and lag-free. Perfect for a clean desk setup.'),
       (235, 4.4, 24, 2, CURRENT_DATE, 'Impressed by the battery life on this wireless keyboard. Durability meets functionality.'),
       (236, 4.6, 24, 2, CURRENT_DATE, 'The mechanical switches are a delight. Typing for long hours has never been more comfortable.'),
       (237, 4.9, 24, 2, CURRENT_DATE, 'Compact design without sacrificing key functionality. Ideal for limited desk spaces.'),
       (238, 4.5, 24, 2, CURRENT_DATE, 'The customizable hotkeys have streamlined my workflow significantly. Highly intuitive.'),
       (239, 4.7, 24, 2, CURRENT_DATE, 'This keyboard''s quiet keys are a blessing in a shared workspace. Efficiency meets discretion.'),
       (240, 4.8, 24, 2, CURRENT_DATE, 'Ergonomically designed for comfort, reducing strain during long typing sessions. Top-notch.'),

       (241, 4.6, 25, 2, CURRENT_DATE, 'This keyboard''s tactile feedback is a game-changer for typing. Comfortable and responsive.'),
       (242, 4.7, 25, 2, CURRENT_DATE, 'The RGB lighting adds a fun and customizable aspect to my setup. Keys feel great.'),
       (243, 4.5, 25, 2, CURRENT_DATE, 'Love the build quality and the key layout. Makes for an efficient and enjoyable typing experience.'),
       (244, 4.8, 25, 2, CURRENT_DATE, 'The wireless connectivity is reliable and lag-free. Perfect for a clean desk setup.'),
       (245, 4.4, 25, 2, CURRENT_DATE, 'Impressed by the battery life on this wireless keyboard. Durability meets functionality.'),
       (246, 4.6, 25, 2, CURRENT_DATE, 'The mechanical switches are a delight. Typing for long hours has never been more comfortable.'),
       (247, 4.9, 25, 2, CURRENT_DATE, 'Compact design without sacrificing key functionality. Ideal for limited desk spaces.'),
       (248, 4.5, 25, 2, CURRENT_DATE, 'The customizable hotkeys have streamlined my workflow significantly. Highly intuitive.'),
       (249, 4.7, 25, 2, CURRENT_DATE, 'This keyboard''s quiet keys are a blessing in a shared workspace. Efficiency meets discretion.'),
       (250, 4.8, 25, 2, CURRENT_DATE, 'Ergonomically designed for comfort, reducing strain during long typing sessions. Top-notch.'),

       (251, 4.6, 26, 2, CURRENT_DATE, 'This keyboard''s tactile feedback is a game-changer for typing. Comfortable and responsive.'),
       (252, 4.7, 26, 2, CURRENT_DATE, 'The RGB lighting adds a fun and customizable aspect to my setup. Keys feel great.'),
       (253, 4.5, 26, 2, CURRENT_DATE, 'Love the build quality and the key layout. Makes for an efficient and enjoyable typing experience.'),
       (254, 4.8, 26, 2, CURRENT_DATE, 'The wireless connectivity is reliable and lag-free. Perfect for a clean desk setup.'),
       (255, 4.4, 26, 2, CURRENT_DATE, 'Impressed by the battery life on this wireless keyboard. Durability meets functionality.'),
       (256, 4.6, 26, 2, CURRENT_DATE, 'The mechanical switches are a delight. Typing for long hours has never been more comfortable.'),
       (257, 4.9, 26, 2, CURRENT_DATE, 'Compact design without sacrificing key functionality. Ideal for limited desk spaces.'),
       (258, 4.5, 26, 2, CURRENT_DATE, 'The customizable hotkeys have streamlined my workflow significantly. Highly intuitive.'),
       (259, 4.7, 26, 2, CURRENT_DATE, 'This keyboard''s quiet keys are a blessing in a shared workspace. Efficiency meets discretion.'),
       (260, 4.8, 26, 2, CURRENT_DATE, 'Ergonomically designed for comfort, reducing strain during long typing sessions. Top-notch.'),




       (261, 4.7, 27, 2, CURRENT_DATE, 'Absolutely satisfied with this purchase, it exceeded my expectations in every way.'),
       (262, 4.8, 27, 2, CURRENT_DATE, 'Truly outstanding quality, making my viewing experience much more enjoyable.'),
       (263, 4.5, 27, 2, CURRENT_DATE, 'Very happy with this monitor, it has been a fantastic addition to my setup.'),
       (264, 4.6, 27, 2, CURRENT_DATE, 'Impressed with the overall performance, it has certainly met all my needs.'),
       (265, 4.9, 27, 2, CURRENT_DATE, 'Delighted with this product, it''s been a game-changer for my daily tasks.'),
       (266, 4.4, 27, 2, CURRENT_DATE, 'Very pleased with this monitor, it offers great value and quality.'),
       (267, 4.7, 27, 2, CURRENT_DATE, 'This monitor has been an excellent choice, highly satisfied with its performance.'),
       (268, 4.6, 27, 2, CURRENT_DATE, 'A fantastic monitor that has lived up to all my expectations, highly recommend it.'),
       (269, 4.5, 27, 2, CURRENT_DATE, 'This monitor has significantly enhanced my experience, very glad I chose it.'),
       (270, 4.8, 27, 2, CURRENT_DATE, 'Extremely happy with this monitor, it''s been perfect for both work and play.'),


       (271, 4.7, 28, 2, CURRENT_DATE, 'Absolutely satisfied with this purchase, it exceeded my expectations in every way.'),
       (272, 4.8, 28, 2, CURRENT_DATE, 'Truly outstanding quality, making my viewing experience much more enjoyable.'),
       (273, 4.5, 28, 2, CURRENT_DATE, 'Very happy with this monitor, it has been a fantastic addition to my setup.'),
       (274, 4.6, 28, 2, CURRENT_DATE, 'Impressed with the overall performance, it has certainly met all my needs.'),
       (275, 4.9, 28, 2, CURRENT_DATE, 'Delighted with this product, it''s been a game-changer for my daily tasks.'),
       (276, 4.4, 28, 2, CURRENT_DATE, 'Very pleased with this monitor, it offers great value and quality.'),
       (277, 4.7, 28, 2, CURRENT_DATE, 'This monitor has been an excellent choice, highly satisfied with its performance.'),
       (278, 4.6, 28, 2, CURRENT_DATE, 'A fantastic monitor that has lived up to all my expectations, highly recommend it.'),
       (279, 4.5, 28, 2, CURRENT_DATE, 'This monitor has significantly enhanced my experience, very glad I chose it.'),
       (280, 4.8, 28, 2, CURRENT_DATE, 'Extremely happy with this monitor, it''s been perfect for both work and play.'),


       (281, 4.7, 29, 2, CURRENT_DATE, 'Absolutely satisfied with this purchase, it exceeded my expectations in every way.'),
       (282, 4.8, 29, 2, CURRENT_DATE, 'Truly outstanding quality, making my viewing experience much more enjoyable.'),
       (283, 4.5, 29, 2, CURRENT_DATE, 'Very happy with this monitor, it has been a fantastic addition to my setup.'),
       (284, 4.6, 29, 2, CURRENT_DATE, 'Impressed with the overall performance, it has certainly met all my needs.'),
       (285, 4.9, 29, 2, CURRENT_DATE, 'Delighted with this product, it''s been a game-changer for my daily tasks.'),
       (286, 4.4, 29, 2, CURRENT_DATE, 'Very pleased with this monitor, it offers great value and quality.'),
       (287, 4.7, 29, 2, CURRENT_DATE, 'This monitor has been an excellent choice, highly satisfied with its performance.'),
       (288, 4.6, 29, 2, CURRENT_DATE, 'A fantastic monitor that has lived up to all my expectations, highly recommend it.'),
       (289, 4.5, 29, 2, CURRENT_DATE, 'This monitor has significantly enhanced my experience, very glad I chose it.'),
       (290, 4.8, 29, 2, CURRENT_DATE, 'Extremely happy with this monitor, it''s been perfect for both work and play.'),


       (291, 4.7, 30, 2, CURRENT_DATE, 'Absolutely satisfied with this purchase, it exceeded my expectations in every way.'),
       (292, 4.8, 30, 2, CURRENT_DATE, 'Truly outstanding quality, making my viewing experience much more enjoyable.'),
       (293, 4.5, 30, 2, CURRENT_DATE, 'Very happy with this monitor, it has been a fantastic addition to my setup.'),
       (294, 4.6, 30, 2, CURRENT_DATE, 'Impressed with the overall performance, it has certainly met all my needs.'),
       (295, 4.9, 30, 2, CURRENT_DATE, 'Delighted with this product, it''s been a game-changer for my daily tasks.'),
       (296, 4.4, 30, 2, CURRENT_DATE, 'Very pleased with this monitor, it offers great value and quality.'),
       (297, 4.7, 30, 2, CURRENT_DATE, 'This monitor has been an excellent choice, highly satisfied with its performance.'),
       (298, 4.6, 30, 2, CURRENT_DATE, 'A fantastic monitor that has lived up to all my expectations, highly recommend it.'),
       (299, 4.5, 30, 2, CURRENT_DATE, 'This monitor has significantly enhanced my experience, very glad I chose it.'),
       (300, 4.8, 30, 2, CURRENT_DATE, 'Extremely happy with this monitor, it''s been perfect for both work and play.'),


       (301, 4.7, 31, 2, CURRENT_DATE, 'Absolutely satisfied with this purchase, it exceeded my expectations in every way.'),
       (302, 4.8, 31, 2, CURRENT_DATE, 'Truly outstanding quality, making my viewing experience much more enjoyable.'),
       (303, 4.5, 31, 2, CURRENT_DATE, 'Very happy with this monitor, it has been a fantastic addition to my setup.'),
       (304, 4.6, 31, 2, CURRENT_DATE, 'Impressed with the overall performance, it has certainly met all my needs.'),
       (305, 4.9, 31, 2, CURRENT_DATE, 'Delighted with this product, it''s been a game-changer for my daily tasks.'),
       (306, 4.4, 31, 2, CURRENT_DATE, 'Very pleased with this monitor, it offers great value and quality.'),
       (307, 4.7, 31, 2, CURRENT_DATE, 'This monitor has been an excellent choice, highly satisfied with its performance.'),
       (308, 4.6, 31, 2, CURRENT_DATE, 'A fantastic monitor that has lived up to all my expectations, highly recommend it.'),
       (309, 4.5, 31, 2, CURRENT_DATE, 'This monitor has significantly enhanced my experience, very glad I chose it.'),
       (310, 4.8, 31, 2, CURRENT_DATE, 'Extremely happy with this monitor, it''s been perfect for both work and play.'),


       (311, 4.7, 32, 2, CURRENT_DATE, 'Absolutely satisfied with this purchase, it exceeded my expectations in every way.'),
       (312, 4.8, 32, 2, CURRENT_DATE, 'Truly outstanding quality, making my viewing experience much more enjoyable.'),
       (313, 4.5, 32, 2, CURRENT_DATE, 'Very happy with this monitor, it has been a fantastic addition to my setup.'),
       (314, 4.6, 32, 2, CURRENT_DATE, 'Impressed with the overall performance, it has certainly met all my needs.'),
       (315, 4.9, 32, 2, CURRENT_DATE, 'Delighted with this product, it''s been a game-changer for my daily tasks.'),
       (316, 4.4, 32, 2, CURRENT_DATE, 'Very pleased with this monitor, it offers great value and quality.'),
       (317, 4.7, 32, 2, CURRENT_DATE, 'This monitor has been an excellent choice, highly satisfied with its performance.'),
       (318, 4.6, 32, 2, CURRENT_DATE, 'A fantastic monitor that has lived up to all my expectations, highly recommend it.'),
       (319, 4.5, 32, 2, CURRENT_DATE, 'This monitor has significantly enhanced my experience, very glad I chose it.'),
       (320, 4.8, 32, 2, CURRENT_DATE, 'Extremely happy with this monitor, it''s been perfect for both work and play.');









